name,population,vicmap:pfi,wikidata,wikipedia,boundary_type,area,area (ha),perimeter
Gardenvale,1006,205410393,Q583980,"en:Gardenvale, Victoria",,260884.0688,26.08840688,2150.835301
Ripponlea,1576,205410390,Q7335744,"en:Ripponlea, Victoria",,287316.8379,28.73168379,2808.842407
Travancore,1700,205410387,Q7835866,"en:Travancore, Victoria",,419827.1357,41.98271357,3200.980653
Princes Hill,2075,205410384,Q7244455,"en:Princes Hill, Victoria",,435461.8003,43.54618003,2879.994851
South Wharf,106,210768089,Q12069696,"en:South Wharf, Victoria",,459564.8774,45.95648774,4216.884776
Kooyong,817,205410383,Q1783858,"en:Kooyong, Victoria",,521322.73,52.132273,2878.158492
St Kilda West,3162,205410381,Q7593916,"en:St Kilda West, Victoria",,526615.0093,52.66150093,3279.836279
Cremorne,2018,205410376,Q5184107,"en:Cremorne, Victoria",,679139.4253,67.91394253,3306.17802
Strathmore Heights,1004,205410377,Q7622144,"en:Strathmore Heights, Victoria",,685022.5659,68.50225659,3900.538048
South Kingsville,,205410375,Q7567622,,,711188.7666,71.11887666,4187.323018
Kingsville,3946,205410373,Q6413698,"en:Kingsville, Victoria",,722785.8906,72.27858906,4135.125553
Essendon North,2987,205410374,Q1368687,"en:Essendon North, Victoria",,733162.2935,73.31622935,4223.225017
Balaclava,5383,205410372,Q4849747,"en:Balaclava, Victoria",,759269.6318,75.92696318,3945.301805
Huntingdale,1862,205410371,Q5945068,"en:Huntingdale, Victoria",,798188.5176,79.81885176,3709.074245
Deepdene,2035,214716891,Q5250574,"en:Deepdene, Victoria",,850176.0083,85.01760083,4662.796502
Middle Park,4143,205410367,Q6841517,"en:Middle Park, Victoria",,869967.8867,86.99678867,4591.370099
Keilor Lodge,1752,205410368,Q6383745,"en:Keilor Lodge, Victoria",,892550.8799,89.25508799,4277.723843
Glen Huntly,5040,205410366,Q5567817,"en:Glen Huntly, Victoria",,893835.1284,89.38351284,3995.465864
Bellfield,1793,205410364,Q4883981,"en:Bellfield, Victoria",,925190.1509,92.51901509,3898.822375
Seddon,4851,205410365,Q7445161,"en:Seddon, Victoria",,954850.4023,95.48504023,4195.578386
Seaholme,1928,205410361,Q7440490,"en:Seaholme, Victoria",,960984.5352,96.09845352,4691.647348
Essendon West,1439,205410357,Q1368695,"en:Essendon West, Victoria",,1025480.727,102.5480727,5161.423831
Eumemmerring,1948,205410355,Q5409549,"en:Eumemmerring, Victoria",,1070268.71,107.026871,5226.426819
Burnley,769,205410353,Q4999948,"en:Burnley, Victoria",,1071657.549,107.1657549,5618.334476
Jacana,1940,205410342,Q14935170,"en:Jacana, Victoria",,1088789.051,108.8789051,4432.079248
Windsor,7069,205410356,Q8024538,"en:Windsor, Victoria",,1108856.077,110.8856077,4934.027611
Powelltown,,205408700,Q7236150,"en:Powelltown, Victoria",,1252626.807,125.2626807,9592.220879
Caulfield East,1584,205410345,Q5054508,"en:Caulfield East, Victoria",,1255662.551,125.5662551,4311.948106
Southbank,18709,205410296,Q1049218,"en:Southbank, Victoria",,1256042.15,125.604215,4675.871835
Collingwood,6467,205410341,Q1109698,"en:Collingwood, Victoria",,1291025.876,129.1025876,4860.969674
Kingsbury,3780,205410344,Q1151185,"en:Kingsbury, Victoria",,1307126.06,130.712606,5113.789385
Briar Hill,3152,205410339,Q4965769,"en:Briar Hill, Victoria",,1334564.124,133.4564124,6822.833131
Balnarring Beach,418,205410328,Q4852417,"en:Balnarring Beach, Victoria",,1384776.494,138.4776494,10708.78827
Fitzroy,9430,205410337,Q1421389,"en:Fitzroy, Victoria",,1404379.764,140.4379764,5035.14243
Hampton East,4689,205410335,Q5646195,"en:Hampton East, Victoria",,1422169.589,142.2169589,5403.271421
Watsonia North,3814,205410334,Q7974879,"en:Watsonia North, Victoria",,1451282.166,145.1282166,5599.881202
Caulfield,5595,205410332,Q5054509,"en:Caulfield, Victoria",,1474734.151,147.4734151,5342.234708
Aberfeldie,3621,205410324,Q319540,"en:Aberfeldie, Victoria",,1550736.175,155.0736175,5704.648823
Carrum,3980,205410325,Q5046748,"en:Carrum, Victoria",,1555329.973,155.5329973,5739.956057
Gowanbrae,2773,205410340,Q5589982,"en:Gowanbrae, Victoria",,1559917.853,155.9917853,6307.373219
McKinnon,6064,205410326,Q6801991,"en:McKinnon, Victoria",,1581952.161,158.1952161,6624.766011
Notting Hill,,205410323,Q14935265,"en:Notting Hill, Victoria",,1591629.475,159.1629475,6134.182445
St Helena,2923,205410322,Q7593327,"en:St Helena, Victoria",,1608638.47,160.863847,8345.812148
Seabrook,,205410321,Q7440220,,,1621202.41,162.120241,5641.031041
Tecoma,2082,205410308,Q14935296,"en:Tecoma, Victoria",,1663552.57,166.355257,9552.885328
Clifton Hill,5790,205410318,Q5133240,"en:Clifton Hill, Victoria",,1668430.385,166.8430385,5714.400462
Mont Albert,4840,205410317,Q6903020,"en:Mont Albert, Victoria",,1694919.448,169.4919448,6091.475714
Waterways,2161,205410290,Q7974568,"en:Waterways, Victoria",,1695799.421,169.5799421,5467.900744
Carlton,18535,205410314,Q47002,"en:Carlton, Victoria",,1749474.056,174.9474056,5844.537786
Abbotsford,4907,205410311,Q306710,"en:Abbotsford, Victoria",,1780059.255,178.0059255,8852.919779
Niddrie,5479,205410304,Q7030829,"en:Niddrie, Victoria",,1780516.438,178.0516438,6981.058821
Williamstown North,,205410310,Q8021306,,,1781683.326,178.1683326,7088.298064
Prahran,12982,205410305,Q1733565,"en:Prahran, Victoria",,1853156.203,185.3156203,7920.194308
East Melbourne,4714,205410307,Q5328965,"en:East Melbourne, Victoria",,1857900.742,185.7900742,5812.28571
Carlton North,6220,205410302,Q5043042,"en:Carlton North, Victoria",,1868487.27,186.848727,7286.421407
Albanvale,5491,205410303,Q1500097,"en:Albanvale, Victoria",,1897131.498,189.7131498,5821.411405
Hughesdale,7556,205410295,Q5933486,"en:Hughesdale, Victoria",,2010959.341,201.0959341,6344.515721
Ardeer,3103,205410294,Q638779,"en:Ardeer, Victoria",,2023020.248,202.3020248,7390.133504
Burnside Heights,6072,205745570,Q5000133,"en:Burnside Heights, Victoria",,2030571.027,203.0571027,6035.907478
Oak Park,6205,205410289,Q7073652,"en:Oak Park, Victoria",,2041450.458,204.1450458,9626.516247
Oakleigh East,6444,205410291,Q7074111,"en:Oakleigh East, Victoria",,2062533.8,206.25338,7334.443217
Edithvale,5806,205410293,Q5338704,"en:Edithvale, Victoria",,2073428.792,207.3428792,5776.715289
Ormond,8417,205410292,Q14935266,"en:Ormond, Victoria",,2074724.833,207.4724833,7421.801054
Croydon South,4572,205410255,Q5189701,"en:Croydon South, Victoria",,2080803.384,208.0803384,7418.074456
Heidelberg Heights,6087,205410257,Q5698660,"en:Heidelberg Heights, Victoria",,2081259.862,208.1259862,7354.740366
Ivanhoe East,3815,205410288,Q6098125,"en:Ivanhoe East, Victoria",,2081982.273,208.1982273,9285.295908
Mont Albert North,5503,205410283,Q6903022,"en:Mont Albert North, Victoria",,2099713.515,209.9713515,6776.337898
Armadale,9054,205410284,Q4792515,"en:Armadale, Victoria",,2148939.222,214.8939222,7435.051847
Kensington,9719,205410285,Q2608078,"en:Kensington, Victoria",,2149759.688,214.9759688,6591.84474
Tottenham,0,205410286,Q14935302,"en:Tottenham, Victoria",,2152209.1,215.22091,6570.354278
Eaglemont,3873,205410282,Q3556821,"en:Eaglemont, Victoria",,2212945.267,221.2945267,7664.484848
Brunswick East,11504,205410278,Q118974,"en:Brunswick East, Victoria",,2249533.064,224.9533064,8186.91238
St Kilda East,13101,205410273,Q7593906,"en:St Kilda East, Victoria",,2262270.58,226.227058,7375.165005
Croydon Hills,4992,205410270,Q5189674,"en:Croydon Hills, Victoria",,2262492.955,226.2492955,6377.769874
Watsonia,5146,205410274,Q7974877,"en:Watsonia, Victoria",,2303791.003,230.3791003,7720.312784
North Melbourne,14940,205410266,Q7056074,"en:North Melbourne, Victoria",,2364565.919,236.4565919,6728.503331
Millgrove,,205409881,Q6859494,"en:Millgrove, Victoria",,2418795.714,241.8795714,9146.043352
Dallas,,205410271,Q5211219,"en:Dallas, Victoria",,2434442.473,243.4442473,7950.392909
South Melbourne,10920,205410281,Q3965520,"en:South Melbourne, Victoria",,2442516.763,244.2516763,9115.864292
Belgrave Heights,1360,205410268,Q815565,"en:Belgrave Heights, Victoria",,2445833.407,244.5833407,7306.547452
Fitzroy North,12339,205410260,Q5455716,"en:Fitzroy North, Victoria",,2476507.748,247.6507748,6867.214163
Clematis,350,205410306,Q5131207,"en:Clematis, Victoria",,2489829.405,248.9829405,8404.639391
Burnside,4751,205410079,Q5000119,"en:Burnside, Victoria",,2509492.761,250.9492761,8802.429693
Kings Park,8198,205410258,Q6412981,"en:Kings Park, Victoria",,2535383.967,253.5383967,6363.427914
Albion,4731,205410261,Q4712478,"en:Albion, Victoria",,2563422.287,256.3422287,7203.771421
Ashwood,6886,205410256,Q726631,"en:Ashwood, Victoria",,2578668.873,257.8668873,6983.279709
Elwood,15543,205410253,Q1334377,"en:Elwood, Victoria",,2595256.459,259.5256459,7536.033625
Elsternwick,10349,205410254,Q5367746,"en:Elsternwick, Victoria",,2600394.313,260.0394313,6610.304678
Chelsea,7773,205410249,Q5090027,"en:Chelsea, Victoria",,2616969.49,261.696949,7002.179481
Murrumbeena,9926,205410248,Q6939635,"en:Murrumbeena, Victoria",,2633952.605,263.3952605,7998.511613
Kealba,3194,205410265,Q6382123,"en:Kealba, Victoria",,2645520.878,264.5520878,8983.853295
Blackburn North,7436,205410246,Q4922699,"en:Blackburn North, Victoria",,2709030.995,270.9030995,8069.747923
Calder Park,0,205410247,Q5019010,"en:Calder Park, Victoria",,2712158.013,271.2158013,8198.139175
Bonbeach,6416,205410241,Q4941224,"en:Bonbeach, Victoria",,2796272.982,279.6272982,7031.597429
Alphington,4603,205410239,Q2651034,"en:Alphington, Victoria",,2831111.26,283.111126,10386.62484
Albert Park,5955,205410237,Q591771,"en:Albert Park, Victoria",,2832313.159,283.2313159,10824.80326
Shoreham,608,205409509,Q7501408,"en:Shoreham, Victoria",,2867232.381,286.7232381,7983.794088
Flemington,7528,205410236,Q1427991,"en:Flemington, Victoria",,2870156.578,287.0156578,9504.072418
Yallambie,4117,205410238,Q8047488,"en:Yallambie, Victoria",,2876428.97,287.642897,10688.28661
Junction Village,1017,205410336,Q6311789,"en:Junction Village, Victoria",,2896327.344,289.6327344,7193.617796
Upper Ferntree Gully,3416,205410179,Q7898645,"en:Upper Ferntree Gully, Victoria",,2896744.751,289.6744751,10017.18968
Malvern,10066,205410234,Q6745046,"en:Malvern, Victoria",,2926511.11,292.651111,10114.10906
Heidelberg,6225,205410228,Q1594002,"en:Heidelberg, Victoria",,2935415.585,293.5415585,10849.8108
Ashburton,7751,205410231,Q724906,"en:Ashburton, Victoria",,2944690.857,294.4690857,9952.539322
Docklands,10964,205410229,Q5287226,"en:Docklands, Victoria",,2995853.863,299.5853863,8463.804798
Moorabbin Airport,,205410224,Q28937085,,,3002319.255,300.2319255,7573.030961
Aspendale,6940,205410230,Q205720,"en:Aspendale, Victoria",,3034050.027,303.4050027,9360.429001
Spotswood,2604,205410226,Q1796979,"en:Spotswood, Victoria",,3043828.86,304.382886,9602.053089
St Andrews Beach,889,205410223,Q7592432,"en:St Andrews Beach, Victoria",,3078113.038,307.8113038,10663.79353
Warranwood,4807,205410227,Q7969962,"en:Warranwood, Victoria",,3078188.573,307.8188573,8021.931789
Pascoe Vale South,10069,205410222,Q7141845,"en:Pascoe Vale South, Victoria",,3091833.385,309.1833385,9808.080365
Keilor Park,2719,205410212,Q6383747,"en:Keilor Park, Victoria",,3104907.695,310.4907695,8242.545751
Coolaroo,3191,205410225,Q5167411,"en:Coolaroo, Victoria",,3116430.004,311.6430004,9556.974993
Hadfield,5610,205410217,Q5637794,"en:Hadfield, Victoria",,3119222.512,311.9222512,8412.067424
Chadstone,8641,205410219,Q5066500,"en:Chadstone, Victoria",,3124963.377,312.4963377,7189.730138
Chelsea Heights,5335,205410220,Q1069125,"en:Chelsea Heights, Victoria",,3134666.209,313.4666209,7909.230092
Canterbury,8056,205410215,Q1033731,"en:Canterbury, Victoria",,3156406.234,315.6406234,12221.93377
Maidstone,7750,205410216,Q2787790,"en:Maidstone, Victoria",,3157738.292,315.7738292,7548.549474
Sandhurst,4981,206281870,Q7416279,"en:Sandhurst, Victoria",,3173891.657,317.3891657,7915.873717
St Kilda,17795,205410214,Q823531,"en:St Kilda, Victoria",,3185578.009,318.5578009,9993.880434
Heidelberg West,5545,205410209,Q5698734,"en:Heidelberg West, Victoria",,3220974.779,322.0974779,10071.33921
Black Rock,6159,205410208,Q880513,"en:Black Rock, Victoria",,3225976.381,322.5976381,10352.0763
Aspendale Gardens,6530,205410206,Q736110,"en:Aspendale Gardens, Victoria",,3243587.983,324.3587983,8365.207869
Point Leo,158,205410207,Q7208062,"en:Point Leo, Victoria",,3246266.815,324.6266815,7773.766334
Brunswick West,14159,205410211,Q24533,"en:Brunswick West, Victoria",,3263837.15,326.383715,11917.4841
Caulfield South,11854,205410204,Q5054518,"en:Caulfield South, Victoria",,3272316.852,327.2316852,7283.800694
Warneet,536,205410202,Q7969681,"en:Warneet, Victoria",,3274733.533,327.4733533,11398.78596
Kilsyth South,2988,205410199,Q6408217,"en:Kilsyth South, Victoria",,3351267.483,335.1267483,7604.662737
Essendon Fields,0,211661436,Q5399482,"en:Essendon Fields, Victoria",,3356582.566,335.6582566,9138.620869
Kalorama,1239,205409952,Q6354279,"en:Kalorama, Victoria",,3358961.079,335.8961079,12373.79725
Maryknoll,,205410203,Q6781211,"en:Maryknoll, Victoria",,3361115.458,336.1115458,9471.299953
Rosanna,8498,205410198,Q7367325,"en:Rosanna, Victoria",,3367129.869,336.7129869,8999.158954
Strathmore,8419,205410059,Q7622134,"en:Strathmore, Victoria",,3456354.562,345.6354562,12826.96639
Oakleigh,7893,205410192,Q7074107,"en:Oakleigh, Victoria",,3473176.161,347.3176161,9279.9349
Delahey,8339,205410183,Q5253079,"en:Delahey, Victoria",,3479032.528,347.9032528,7680.41296
Sassafras,1061,205410104,Q1735132,"en:Sassafras, Victoria",,3483349.012,348.3349012,11082.87582
Tootgarook,2869,205410193,Q7824240,"en:Tootgarook, Victoria",,3483947.258,348.3947258,8343.016925
Box Hill South,8434,205410191,Q4951543,"en:Box Hill South, Victoria",,3484604.057,348.4604057,8185.491225
Hawthorn East,14321,205410190,Q5685486,"en:Hawthorn East, Victoria",,3495101.793,349.5101793,12502.52133
Fairfield,6558,205410189,Q5430228,"en:Fairfield, Victoria",,3519674.676,351.9674676,16140.1958
Box Hill,9672,205410187,Q4951523,"en:Box Hill, Victoria",,3527589.363,352.7589363,7570.378835
Sydenham,10838,205410180,Q7659769,"en:Sydenham, Victoria",,3570301.002,357.0301002,9338.053625
Parkdale,11746,205410184,Q7138209,"en:Parkdale, Victoria",,3571493.829,357.1493829,9079.937358
South Yarra,25147,205410181,Q2304617,"en:South Yarra, Victoria",,3575253.915,357.5253915,9391.23893
Blackburn South,10793,205410178,Q4922714,"en:Blackburn South, Victoria",,3605048.457,360.5048457,8371.970594
Highett,10454,205410171,Q5758468,"en:Highett, Victoria",,3645835.102,364.5835102,9854.212894
Clarinda,,205410172,Q5126971,"en:Clarinda, Victoria",,3671856.528,367.1856528,9558.022579
Sandringham,10241,205410165,Q3472028,"en:Sandringham, Victoria",,3687966.693,368.7966693,11721.79981
Carnegie,17388,205410167,Q5043870,"en:Carnegie, Victoria",,3694384.15,369.438415,9275.64565
Airport West,6959,205410084,Q4698960,"en:Airport West, Victoria",,3713008.206,371.3008206,8155.469987
Noble Park North,7468,205410175,Q7045759,"en:Noble Park North, Victoria",,3761232.354,376.1232354,10247.51324
Belgrave,3966,205410137,Q815564,"en:Belgrave, Victoria",,3822491.517,382.2491517,10499.32624
West Footscray,11450,205410163,Q7985168,"en:West Footscray, Victoria",,3826958.056,382.6958056,9451.451315
Laverton,4915,205409979,Q6502627,"en:Laverton, Victoria",,3829952.913,382.9952913,10452.11034
Williams Landing,6646,209747025,Q8021059,en:Williams Landing,,3836571.698,383.6571698,7973.472114
Gladstone Park,8329,205410168,Q5566343,"en:Gladstone Park, Victoria",,3837822.494,383.7822494,8496.822767
Ascot Vale,13475,205410160,Q723342,"en:Ascot Vale, Victoria",,3842352.759,384.2352759,11698.61764
Montmorency,8759,205410162,Q6906086,"en:Montmorency, Victoria",,3878030.626,387.8030626,10574.95275
Kew East,6635,205410149,Q6397892,"en:Kew East, Victoria",,3902632.788,390.2632788,10894.7912
Box Hill North,11874,205410156,Q4951534,"en:Box Hill North, Victoria",,3978039.486,397.8039486,8562.709752
The Patch,1065,205410166,Q7756315,"en:The Patch, Victoria",,3978411.315,397.8411315,11233.97165
Croydon North,7860,205410153,Q5189682,"en:Croydon North, Victoria",,4005797.733,400.5797733,8930.054074
Fieldstone,,425658405,Q28942245,"en:Fieldstone, Victoria",,4011238.456,401.1238456,8947.407497
Parkville,7409,205410145,Q3427921,"en:Parkville, Victoria",,4028446.821,402.8446821,8939.375407
Eltham North,6805,205410146,Q5367801,"en:Eltham North, Victoria",,4068280.994,406.8280994,11072.08511
Forest Hill,10626,205410147,Q5468920,"en:Forest Hill, Victoria",,4070949.931,407.0949931,11239.64169
Lynbrook,6772,205410143,Q6708388,"en:Lynbrook, Victoria",,4107525.704,410.7525704,11458.78858
Guys Hill,382,205410173,Q5622866,"en:Guys Hill, Victoria",,4118764.06,411.876406,12527.83187
Doveton,9358,205410141,Q5302556,"en:Doveton, Victoria",,4131072.837,413.1072837,11913.97805
Somers,1667,205409713,Q3489802,"en:Somers, Victoria",,4146399.821,414.6399821,12146.46762
Caulfield North,15269,205410138,Q2943098,"en:Caulfield North, Victoria",,4203038.952,420.3038952,8699.213331
Hampton,13391,205410134,Q5646144,"en:Hampton, Victoria",,4228483.308,422.8483308,9764.349507
Patterson Lakes,7564,205410130,Q7148453,"en:Patterson Lakes, Victoria",,4232917.183,423.2917183,10878.77234
Burwood East,10273,205410131,Q5001058,"en:Burwood East, Victoria",,4255920.286,425.5920286,9794.095911
Toorak,12871,205410128,Q2443083,"en:Toorak, Victoria",,4288064.708,428.8064708,9557.819148
Braybrook,8180,205410123,Q1854516,"en:Braybrook, Victoria",,4323996.602,432.3996602,9720.404189
Moonee Ponds,14250,205410122,Q1586921,"en:Moonee Ponds, Victoria",,4347122.318,434.7122318,10726.54237
Balwyn,13312,205410069,Q4853147,"en:Balwyn, Victoria",,4372558.167,437.2558167,13102.15634
Mordialloc,8166,205410121,Q1947451,"en:Mordialloc, Victoria",,4399590.972,439.9590972,10202.42591
Cairnlea,9657,205410115,Q5017696,"en:Cairnlea, Victoria",,4403872.9,440.38729,10119.7554
Surrey Hills,13605,205410120,Q7646816,"en:Surrey Hills, Victoria",,4425984.841,442.5984841,11017.08252
Richmond,27705,205410117,Q1012076,"en:Richmond, Victoria",,4467465.745,446.7465745,9929.946582
Heathmont,9688,205410119,Q5694307,"en:Heathmont, Victoria",,4482739.054,448.2739054,10569.21702
Mentone,12726,205410118,Q14935220,"en:Mentone, Victoria",,4529033.137,452.9033137,12247.7097
Warrandyte South,671,205410125,Q7969933,"en:Warrandyte South, Victoria",,4530300.345,453.0300345,13003.44939
Springvale South,12768,205410112,Q640131,"en:Springvale South, Victoria",,4558161.621,455.8161621,10522.31368
Cape Schanck,446,205409149,Q5035040,en:Cape Schanck,,4564128.339,456.4128339,9404.827298
Lysterfield South,957,205410109,Q6710294,"en:Lysterfield South, Victoria",,4581413.742,458.1413742,10446.37092
Taylors Hill,14921,205410111,Q7690243,"en:Taylors Hill, Victoria",,4586743.248,458.6743248,8724.951968
Viewbank,6923,205410105,Q7928784,"en:Viewbank, Victoria",,4604700.723,460.4700723,11541.77232
Moorabbin,5895,205410107,Q6908064,"en:Moorabbin, Victoria",,4610085.479,461.0085479,10143.90524
Vermont,10442,205410108,Q7921664,"en:Vermont, Victoria",,4613367.801,461.3367801,9839.893587
Meadow Heights,14843,205410098,Q6803241,"en:Meadow Heights, Victoria",,4636276.732,463.6276732,8694.1296
Bentleigh,14920,205410100,Q4890439,"en:Bentleigh, Victoria",,4669695.889,466.9695889,9810.408901
Sunshine,9768,205410101,Q7641406,"en:Sunshine, Victoria",,4733106.957,473.3106957,13717.65406
Coburg North,7601,205410093,Q1104802,"en:Coburg North, Victoria",,4801582.878,480.1582878,10248.12575
Ringwood East,10265,205410103,Q7335020,"en:Ringwood East, Victoria",,4910124.088,491.0124088,11086.56651
Pascoe Vale,17051,205410091,Q7141839,"en:Pascoe Vale, Victoria",,4910661.424,491.0661424,12360.26195
Macleod,9769,205410110,Q6724673,"en:Macleod, Victoria",,4941024.65,494.102465,13293.80036
Mount Dandenong,1251,205409946,Q3321799,"en:Mount Dandenong, Victoria",,4969539.135,496.9539135,12480.85799
Footscray,16345,205410085,Q5466574,"en:Footscray, Victoria",,4970766.694,497.0766694,11600.93171
Brunswick,24473,205410088,Q994135,"en:Brunswick, Victoria",,4977906.494,497.7906494,10653.94731
Westmeadows,5848,205410094,Q12072769,"en:Westmeadows, Victoria",,5010332.259,501.0332259,15172.73233
Keilor Downs,9995,205410099,Q6383741,"en:Keilor Downs, Victoria",,5018001.707,501.8001707,10094.00702
Weir Views,,425641783,Q28942253,"en:Weir Views, Victoria",,5031843.397,503.1843397,14268.51571
Attwood,3419,205410086,Q758264,"en:Attwood, Victoria",,5068597.211,506.8597211,11819.36088
Nunawading,11876,205410082,Q7069760,"en:Nunawading, Victoria",,5072463.313,507.2463313,12155.00051
Fawkner,14043,205410064,Q14935141,"en:Fawkner, Victoria",,5102125.192,510.2125192,11358.1999
Frankston North,5762,205410077,Q5492269,"en:Frankston North, Victoria",,5113625.778,511.3625778,12075.27877
Beaumaris,13349,205410078,Q813411,"en:Beaumaris, Victoria",,5128026.821,512.8026821,10309.04727
Newport,12916,205410073,Q14935251,"en:Newport, Victoria",,5174109.286,517.4109286,15043.13046
Ferny Creek,1518,205410114,Q5445165,"en:Ferny Creek, Victoria",,5226246.933,522.6246933,12583.83787
Thornbury,18568,205410074,Q12006208,"en:Thornbury, Victoria",,5294872.481,529.4872481,13468.91668
Ringwood North,9832,205410068,Q7335023,"en:Ringwood North, Victoria",,5321163.723,532.1163723,13697.10908
Tremont,77,205410054,Q7838135,"en:Tremont, Victoria",,5334611.449,533.4611449,13309.75652
Somerton,0,205410062,Q7559943,"en:Somerton, Victoria",,5394421.638,539.4421638,11274.28662
Avondale Heights,10990,205410060,Q791305,"en:Avondale Heights, Victoria",,5404574.41,540.457441,11547.82597
Melton South,11517,205409184,Q12061667,"en:Melton South, Victoria",,5409968.076,540.9968076,12666.47817
Capel Sound,,205410061,Q7368107,"en:Capel Sound, Victoria",,5429713.458,542.9713458,10536.92345
Brooklyn,1856,205410052,Q4974725,"en:Brooklyn, Victoria",,5477424.19,547.742419,10797.93236
Maribyrnong,10165,205410051,Q6762533,"en:Maribyrnong, Victoria",,5489383.392,548.9383392,12817.12814
Ivanhoe,12171,205410081,Q3156237,"en:Ivanhoe, Victoria",,5557778.578,555.7778578,16574.89457
Williamstown,13969,205410046,Q1012058,"en:Williamstown, Victoria",,5587472.631,558.7472631,16742.07908
McCrae,2823,205410132,Q6800675,"en:McCrae, Victoria",,5610099.318,561.0099318,14210.17749
Keilor,5759,205409845,Q1638235,"en:Keilor, Victoria",,5634384.559,563.4384559,17256.91723
Yarraville,13747,205410047,Q8049542,"en:Yarraville, Victoria",,5639093.997,563.9093997,12185.71577
Brighton East,15998,205410043,Q4967635,"en:Brighton East, Victoria",,5671716.549,567.1716549,12165.56613
Knoxfield,7462,205410050,Q6423635,"en:Knoxfield, Victoria",,5692558.708,569.2558708,12820.54578
The Basin,4416,205410075,Q7715767,"en:The Basin, Victoria",,5717984.529,571.7984529,13959.40953
Northcote,22920,205410030,Q7057754,"en:Northcote, Victoria",,5850961.402,585.0961402,10953.22623
Hawthorn,23511,205410035,Q5685475,"en:Hawthorn, Victoria",,5892197.746,589.2197746,13710.63734
Blackburn,13940,205410036,Q880723,"en:Blackburn, Victoria",,5895723.732,589.5723732,10445.27088
Templestowe Lower,,205410034,Q7698813,,suburb,5910747.635,591.0747635,13314.67122
Safety Beach,4821,205410029,Q7398603,"en:Safety Beach, Victoria",,6014102.961,601.4102961,12095.88458
Burwood,15019,205410028,Q5001054,"en:Burwood, Victoria",,6033503.397,603.3503397,12933.91159
Blind Bight,1251,205410027,Q4926517,"en:Blind Bight, Victoria",,6103853.819,610.3853819,15496.13598
Essendon,18852,205410024,Q1368694,"en:Essendon, Victoria",,6153538.387,615.3538387,14942.80046
Vermont South,11678,205410022,Q7921770,"en:Vermont South, Victoria",,6186265.947,618.6265947,12826.5323
Blairgowrie,2313,205410020,Q4924208,"en:Blairgowrie, Victoria",,6274048.673,627.4048673,12205.59561
Melbourne City,93625,205410007,Q6811747,en:Melbourne City Centre,,6477735.911,647.7735911,20412.97283
Bulleen,10873,205410009,Q4996743,"en:Bulleen, Victoria",,6514383.074,651.4383074,16754.63664
Crib Point,3183,205410008,Q5184872,"en:Crib Point, Victoria",,6532062.202,653.2062202,14059.51901
Bayswater North,8789,205410002,Q4874857,"en:Bayswater North, Victoria",,6562367.748,656.2367748,13899.5302
West Melbourne,5515,205410013,Q12010545,"en:West Melbourne, Victoria",,6565533.177,656.5533177,13365.30563
Bend of Islands,,205410016,Q4887006,"en:Bend of Islands, Victoria",,6626011.734,662.6011734,23458.92967
Mitcham,16148,205410000,Q6881034,"en:Mitcham, Victoria",,6630143.955,663.0143955,11464.25064
Sherbrooke,,205410001,Q7494745,"en:Sherbrooke, Victoria",,6635769.479,663.5769479,13038.96295
Oakleigh South,9261,205409999,Q7074118,"en:Oakleigh South, Victoria",,6642387.11,664.238711,12071.26389
Selby,1652,205410006,Q7447542,"en:Selby, Victoria",,6661965.163,666.1965163,15364.64414
Upwey,6964,205410019,Q7899493,"en:Upwey, Victoria",,6735419.263,673.5419263,14366.58375
Aintree,,425652793,Q28942236,"en:Aintree, Victoria",,6764040.298,676.4040298,11783.18411
Dewhurst,164,205409995,Q5268230,"en:Dewhurst, Victoria",,6784512.722,678.4512722,14897.93665
Lower Plenty,3891,205409993,Q6693710,"en:Lower Plenty, Victoria",,6827843.081,682.7843081,15826.87044
Roxburgh Park,19235,205409997,Q7372398,"en:Roxburgh Park, Victoria",,6853793.235,685.3793235,11058.97696
Coburg,26185,205409989,Q647356,"en:Coburg, Victoria",,6944501.574,694.4501574,11741.98586
Heatherton,2907,205409987,Q5694243,"en:Heatherton, Victoria",,6967570.655,696.7570655,12125.2832
Wattle Glen,1961,205409897,Q7974976,"en:Wattle Glen, Victoria",,7017136.826,701.7136826,17529.18064
Kalkallo,105,205409984,Q6353350,"en:Kalkallo, Victoria",,7020132.004,702.0132004,11914.61524
Nutfield,152,205409983,Q7070439,"en:Nutfield, Victoria",,7032250.225,703.2250225,14498.88124
Sorrento,,205409982,Q3375047,"en:Sorrento, Victoria",,7033140.55,703.314055,15808.70254
Rockbank,1536,205408959,Q7354966,"en:Rockbank, Victoria",,7270018.815,727.0018815,11715.54533
Avonsleigh,852,205409963,Q4829362,"en:Avonsleigh, Victoria",,7361776.31,736.177631,13810.08961
Keilor North,67,205409968,Q14935177,"en:Keilor North, Victoria",,7376285.464,737.6285464,21133.06274
Menzies Creek,998,205409965,Q6817713,"en:Menzies Creek, Victoria",,7473261.964,747.3261964,15893.22117
Taylors Lakes,15519,205409967,Q14935294,"en:Taylors Lakes, Victoria",,7510884.174,751.0884174,13646.46318
Camberwell,52285,205409959,Q2934668,"en:Camberwell, Victoria",,7554477.219,755.4477219,15281.47931
Grangefields,,425650134,Q28942248,"en:Grangefields, Victoria",,7568205.688,756.8205688,15319.78539
Malvern East,21707,205409960,Q6745056,"en:Malvern East, Victoria",,7723100.735,772.3100735,15025.32582
Dingley Village,10320,205409949,Q5278238,"en:Dingley Village, Victoria",,7839838.655,783.9838655,11496.75099
Clayton,19358,205409950,Q5130161,"en:Clayton, Victoria",,7891683.16,789.168316,14365.77286
Broadmeadows,11970,205409926,Q4972237,"en:Broadmeadows, Victoria",,7913948.689,791.3948689,16039.82175
Thornhill Park,,425649319,Q28942252,"en:Thornhill Park, Victoria",,7915472.228,791.5472228,13558.82993
Tullamarine,6605,205409969,Q1521059,"en:Tullamarine, Victoria",,7928169.386,792.8169386,19038.62604
Sunshine North,11700,205409948,Q7641541,"en:Sunshine North, Victoria",,8015926.808,801.5926808,11686.50719
Bayswater,11758,205409951,Q812628,"en:Bayswater, Victoria",,8038748.687,803.8748687,14816.42877
Deer Park,18126,205409916,Q5250802,"en:Deer Park, Victoria",,8083463.99,808.346399,15062.53262
Cannons Creek,647,205409940,Q5032842,"en:Cannons Creek, Victoria",,8188010.668,818.8010668,19038.75956
Hillside,17056,205409937,Q5763864,"en:Hillside, Victoria",,8200949.877,820.0949877,12286.33337
Hallam,10852,205409931,Q5642748,"en:Hallam, Victoria",,8207948.063,820.7948063,14501.93924
Glen Iris,25268,205409942,Q3108678,"en:Glen Iris, Victoria",,8221359.335,822.1359335,16419.16816
Wantirna,13768,205409933,Q7968177,"en:Wantirna, Victoria",,8298577.453,829.8577453,14529.66545
Clayton South,12642,205409928,Q5130327,"en:Clayton South, Victoria",,8303779.726,830.3779726,12751.75281
Caroline Springs,24205,205409955,Q1044568,"en:Caroline Springs, Victoria",,8333420.822,833.3420822,16973.93006
Brighton,23253,205409918,Q915776,"en:Brighton, Victoria",,8389582.898,838.9582898,14562.43819
Braeside,21,205409938,Q4955340,"en:Braeside, Victoria",,8538906.946,853.8906946,12333.51941
Noble Park,30998,205409917,Q7045757,"en:Noble Park, Victoria",,8565002.442,856.5002442,15915.94441
Cobblebank,,425646095,Q28942239,en:Cobblebank,,8689890.74,868.989074,12667.59091
North Warrandyte,2956,205409893,Q7057191,"en:North Warrandyte, Victoria",,8763880.458,876.3880458,22285.32516
Doncaster,,205409907,Q429307,,suburb,8767359.978,876.7359978,15279.16766
Langwarrin South,1248,205409910,Q6486971,"en:Langwarrin South, Victoria",,8785987.287,878.5987287,13207.11958
Arthurs Seat,394,205409911,Q14935059,"en:Arthurs Seat, Victoria",,8806417.431,880.6417431,14049.68249
Scoresby,6022,205409885,Q7435336,"en:Scoresby, Victoria",,8818566.436,881.8566436,17991.43316
Yuroke,142,205409894,Q8061752,"en:Yuroke, Victoria",,8874402.206,887.4402206,15940.17605
Glenroy,22245,205409903,Q3108837,"en:Glenroy, Victoria",,8877163.601,887.7163601,16873.90082
Bentleigh East,27635,205409899,Q4890443,"en:Bentleigh East, Victoria",,9060090.83,906.009083,12116.37839
Balwyn North,20406,205409895,Q805854,en:Balwyn North,,9157135.426,915.7135426,13524.5406
Melton West,17589,205409311,Q6813803,"en:Melton West, Victoria",,9267530.941,926.7530941,16915.02371
Wandin East,431,205409593,Q7967258,"en:Wandin East, Victoria",,9294099.287,929.4099287,13296.41251
Lyndhurst,6725,205409598,Q6708651,"en:Lyndhurst, Victoria",,9332889.382,933.2889382,16832.93192
Park Orchards,3822,205409878,Q7137916,"en:Park Orchards, Victoria",,9388702.658,938.8702658,15354.03156
Lalor,22594,205409883,Q6480572,"en:Lalor, Victoria",,9392267.553,939.2267553,17663.14157
Narre Warren East,419,205409879,Q6966237,"en:Narre Warren East, Victoria",,9405777.519,940.5777519,19480.79235
Dandenong North,22451,205409868,Q5215700,"en:Dandenong North, Victoria",,9528353.535,952.8353535,14239.60173
Research,2649,205409901,Q7315046,"en:Research, Victoria",,9615041.179,961.5041179,19172.00771
Sunshine West,18580,205409873,Q7641592,"en:Sunshine West, Victoria",,9647269.883,964.7269883,16210.69353
Botanic Ridge,3919,212811750,Q14935066,"en:Botanic Ridge, Victoria",,9670644.116,967.0644116,13521.38306
Seville East,797,205409863,Q7458065,"en:Seville East, Victoria",,9677618.19,967.761819,25883.55167
Kilsyth,10891,205409877,Q6408209,"en:Kilsyth, Victoria",,9724894.029,972.4894029,24348.71352
Port Melbourne,16175,205409864,Q1623026,"en:Port Melbourne, Victoria",,9790952.394,979.0952394,18370.64322
Baxter,2162,205409860,Q4873824,"en:Baxter, Victoria",,9854206.831,985.4206831,21678.32689
Ringwood,17471,205409851,Q3019699,"en:Ringwood, Victoria",,9904157.856,990.4157856,20430.98699
Greensborough,20821,205409848,Q5604476,"en:Greensborough, Victoria",,10136892.19,1013.689219,24062.1167
Keilor East,14514,205409865,Q1424133,"en:Keilor East, Victoria",,10151110.25,1015.111025,16980.94789
Cranbourne North,20110,205409839,Q5181934,"en:Cranbourne North, Victoria",,10223161.85,1022.316185,16249.35836
Beaconsfield,6714,205409906,Q812898,"en:Beaconsfield, Victoria",,10240381.68,1024.038168,18785.29685
Kurunjang,10070,205409837,Q6447466,en:Kurunjang,,10420320.23,1042.032023,13847.45277
Fraser Rise,,425679826,Q28942246,"en:Fraser Rise, Victoria",,10426703.06,1042.670306,13262.99409
Wheelers Hill,19753,205409840,Q4019311,"en:Wheelers Hill, Victoria",,10456411.27,1045.641127,15935.68121
Montrose,6761,205409809,Q6906456,"en:Montrose, Victoria",,10525900.97,1052.590097,18961.15736
Cheltenham,22291,205409831,Q5090177,"en:Cheltenham, Victoria",,10580303.37,1058.030337,18561.34882
Bittern,3705,205409616,Q2904938,"en:Bittern, Victoria",,10586310.64,1058.631064,21022.38354
Altona Meadows,19160,205409833,Q443960,"en:Altona Meadows, Victoria",,10615386.57,1061.538657,18330.01904
Kew,24605,205409835,Q72216,"en:Kew, Victoria",,10645213.91,1064.521391,22010.00893
Mulgrave,19368,205409825,Q6933974,"en:Mulgrave, Victoria",,10645422.09,1064.542209,19173.66061
Brookfield,9216,205409826,Q4974556,"en:Brookfield, Victoria",,10694827.69,1069.482769,14300.39902
Strathtulloh,,425646096,Q28942251,"en:Strathtulloh, Victoria",,10873923.79,1087.392379,16129.4525
Plenty,2364,205409816,Q7204559,"en:Plenty, Victoria",,10965655.21,1096.565521,21033.86667
Springvale,21714,205409812,Q7581218,"en:Springvale, Victoria",,11053804.13,1105.380413,15912.73461
Boronia,22195,205409801,Q894057,"en:Boronia, Victoria",,11147824.03,1114.782403,23332.16597
Doncaster East,28360,205409820,Q5295495,"en:Doncaster East, Victoria",,11158138.43,1115.813843,20621.47277
Exford,107,205409824,Q5420166,"en:Exford, Victoria",,11228756.88,1122.875688,15589.56226
Preston,32851,205409793,Q1471471,"en:Preston, Victoria",,11250104.92,1125.010492,16057.03228
Portsea,446,205409803,Q7232409,"en:Portsea, Victoria",,11333950.1,1133.39501,22444.1374
Dandenong,29906,205409902,Q1159408,"en:Dandenong, Victoria",,11453332.59,1145.333259,15955.75404
Donvale,12347,205409786,Q5296927,"en:Donvale, Victoria",,11665457.81,1166.545781,22675.89381
Deanside,,425658406,Q28942242,"en:Deanside, Victoria",,11971399.99,1197.139999,13977.12404
Kallista,1437,205409768,Q6353868,"en:Kallista, Victoria",,12004470.01,1200.447001,24362.36182
Cranbourne East,16195,205409728,Q5181931,"en:Cranbourne East, Victoria",,12374724.79,1237.472479,16199.30755
Campbellfield,5056,205409758,Q5028192,"en:Campbellfield, Victoria",,12401691.68,1240.169168,18251.52859
Seaford,16463,205409752,Q7440369,"en:Seaford, Victoria",,12415673.5,1241.56735,17126.65255
Mooroolbark,21967,205409730,Q6908450,"en:Mooroolbark, Victoria",,12533803.03,1253.380303,19756.31554
Rosebud,13195,205409637,Q2104028,"en:Rosebud, Victoria",,12657292.34,1265.729234,20014.61053
Belgrave South,1645,205409749,Q4882686,"en:Belgrave South, Victoria",,12775746.74,1277.574674,19275.67368
St Albans,37309,205409734,Q474528,"en:St Albans, Victoria",,12794164.39,1279.416439,15626.79716
Mill Park,29710,205409743,Q6858372,"en:Mill Park, Victoria",,12892798.59,1289.279859,17866.44082
Cranbourne West,15035,205409778,Q5181937,"en:Cranbourne West, Victoria",,12979910.76,1297.991076,17212.50103
Bonnie Brook,,425652792,Q28942237,"en:Bonnie Brook, Victoria",,12981624.3,1298.16243,19382.83482
Harkaway,849,205409747,Q5658134,"en:Harkaway, Victoria",,12987193.65,1298.719365,21038.44618
Narre Warren South,30319,205409736,Q6966241,"en:Narre Warren South, Victoria",,13004990.85,1300.499085,17738.14329
Cranbourne,,205409735,Q3309297,"en:Cranbourne, Victoria",,13030407.16,1303.040716,17971.87299
Derrimut,8269,205409746,Q1200355,"en:Derrimut, Victoria",,13272074.01,1327.207401,17195.76784
Hampton Park,25530,205409729,Q5646261,"en:Hampton Park, Victoria",,13315443.88,1331.544388,16984.19359
Ravenhall,1157,205409934,Q7296449,"en:Ravenhall, Victoria",,13512233.65,1351.223365,14963.39532
Ferntree Gully,26428,205409709,Q5445148,"en:Ferntree Gully, Victoria",,13795254.21,1379.525421,18735.54638
Wantirna South,19271,205409720,Q7968179,"en:Wantirna South, Victoria",,14048997.84,1404.899784,22854.35989
Altona North,12152,205409706,Q443965,"en:Altona North, Victoria",,14137608.76,1413.760876,18338.48841
Narre Warren,26621,205409685,Q6966236,"en:Narre Warren, Victoria",,14149512.92,1414.951292,20384.35465
Croydon,26946,205409710,Q5189639,"en:Croydon, Victoria",,14190668.1,1419.06681,20609.08082
Frankston South,18199,205409690,Q5492271,"en:Frankston South, Victoria",,14618201.2,1461.82012,16867.87995
Rye,,205409588,Q7384943,"en:Rye, Victoria",,14687112.36,1468.711236,18772.32469
Thomastown,20331,205409684,Q7795600,"en:Thomastown, Victoria",,14699203.21,1469.920321,21414.03661
Smiths Gully,369,205409686,Q7545571,"en:Smiths Gully, Victoria",,14749665.59,1474.966559,25882.03337
Hurstbridge,3450,205409689,Q5948626,"en:Hurstbridge, Victoria",,14833304.52,1483.330452,28953.34936
Don Valley,,205409718,Q5293640,"en:Don Valley, Victoria",,15084012.88,1508.401288,25258.94814
Mount Waverley,33611,205409674,Q6924525,"en:Mount Waverley, Victoria",,15193842.86,1519.384286,15852.10256
Yarrambat,1588,205409667,Q8049534,"en:Yarrambat, Victoria",,15349846.21,1534.984621,27366.02816
HMAS Cerberus,1040,205409687,Q3124910,en:HMAS Cerberus (naval base),,15353040.75,1535.304075,29907.24623
Laverton North,73,205409669,Q6502635,"en:Laverton North, Victoria",,15366755.61,1536.675561,19579.55734
Endeavour Hills,24294,205409664,Q5375990,"en:Endeavour Hills, Victoria",,15510420.44,1551.042044,17792.49801
Yarra Junction,,205409596,Q8049502,"en:Yarra Junction, Victoria",,15694625.6,1569.46256,22061.91807
Manor Lakes,,423752265,Q28942986,"en:Manor Lakes, Victoria",,15875339.92,1587.533992,17597.80992
Templestowe,16618,205409645,Q7698810,"en:Templestowe, Victoria",,16120397.8,1612.03978,21313.62489
Eltham,18314,205409633,Q2437209,"en:Eltham, Victoria",,16554689.77,1655.468977,26735.72972
Skye,8096,205409515,Q14935287,"en:Skye, Victoria",,16558679.34,1655.867934,20255.73517
Altona,10762,205409640,Q443946,"en:Altona, Victoria",,16559295.37,1655.929537,22760.71968
Wandin North,3051,205409939,Q7967260,"en:Wandin North, Victoria",,16619381.08,1661.938108,23047.76458
Glen Waverley,40327,205409628,Q3108712,"en:Glen Waverley, Victoria",,16840380.81,1684.038081,21231.43867
Bundoora,25709,205409609,Q4997558,"en:Bundoora, Victoria",,16901577.82,1690.157782,31535.52523
Mount Evelyn,9702,205409607,Q6920694,"en:Mount Evelyn, Victoria",,16975987.68,1697.598768,21953.79471
Warrandyte,5502,205409597,Q2549639,"en:Warrandyte, Victoria",,17339201.33,1733.920133,29869.44807
Hoppers Crossing,37598,205409591,Q5901240,"en:Hoppers Crossing, Victoria",,17681371.39,1768.137139,20921.97809
Harkness,,425633658,Q28942249,,,17920327.1,1792.03271,21224.93516
Cottles Bridge,601,205409563,Q5175640,"en:Cottles Bridge, Victoria",,18454214.64,1845.421464,26609.10387
Cranbourne South,1674,205409208,Q5181935,"en:Cranbourne South, Victoria",,18533794.68,1853.379468,21191.88024
Reservoir,47637,205409547,Q7315303,"en:Reservoir, Victoria",,19102956.01,1910.295601,25491.86949
Monbulk,3577,205409489,Q6898457,"en:Monbulk, Victoria",,19228206.12,1922.820612,23942.22935
Garfield,1786,205409306,Q3098327,"en:Garfield, Victoria",,19261398.31,1926.139831,28511.94428
Frankston,36097,205409512,Q1136771,"en:Frankston, Victoria",,19740740.65,1974.074065,19954.78508
Diamond Creek,11733,205409582,Q5270756,"en:Diamond Creek, Victoria",,19800948.62,1980.094862,27278.13755
Melton,8069,205409487,Q6813776,"en:Melton, Victoria (suburb)",,20234554.72,2023.455472,26140.57932
Carrum Downs,20711,205409494,Q1045308,"en:Carrum Downs, Victoria",,20329817.04,2032.981704,23085.42171
Silvan,1246,205409183,Q7515664,"en:Silvan, Victoria",,20420532.64,2042.053264,28735.57599
Strathewen,,205409485,Q7622103,"en:Strathewen, Victoria",,20464581.54,2046.458154,28179.99512
South Morang,24060,205409471,Q7567979,"en:South Morang, Victoria",,21064428.72,2106.442872,29156.93995
Mornington,23989,205409453,Q6913013,"en:Mornington, Victoria",,21098576.37,2109.857637,21618.27226
Garfield North,,205409460,Q5523089,"en:Garfield North, Victoria",,21130971.82,2113.097182,26555.33807
Narre Warren North,7674,205409458,Q6966240,"en:Narre Warren North, Victoria",,21215687.5,2121.56875,21301.92672
Fingal,529,205409567,Q5450178,"en:Fingal, Victoria",,21323695.23,2132.369523,25393.59023
Seville,2378,205409452,Q7458058,"en:Seville, Victoria",,21380902.7,2138.09027,27115.99726
Keysborough,25785,205409442,Q6398390,"en:Keysborough, Victoria",,21651331.85,2165.133185,20568.39097
Rowville,33672,205409438,Q7372303,"en:Rowville, Victoria",,21743907.83,2174.390783,25148.66379
Chirnside Park,9872,205409445,Q5101947,"en:Chirnside Park, Victoria",,22209301.69,2220.930169,23211.23158
Mernda,16458,205409426,Q6819892,en:Mernda,,22444387.51,2244.438751,25045.80245
Chum Creek,983,205409419,Q2746797,"en:Chum Creek, Victoria",,22499015.42,2249.901542,25287.65181
Woori Yallock,2913,205409287,Q8034033,en:Woori Yallock,,22802586.1,2280.25861,38054.50606
Panton Hill,1062,205409468,Q7131895,"en:Panton Hill, Victoria",,22838842.34,2283.884234,29967.74663
Devon Meadows,1548,205409399,Q5267742,"en:Devon Meadows, Victoria",,22851169.76,2285.116976,21590.04821
Cora Lynn,243,205409403,Q5169404,"en:Cora Lynn, Victoria",,23180929.15,2318.092915,23804.88801
Wonga Park,3796,205409407,Q8032045,"en:Wonga Park, Victoria",,23205023.53,2320.502353,33402.05598
Mount Eliza,17248,205409400,Q6920590,"en:Mount Eliza, Victoria",,23216762.98,2321.676298,20844.11232
Red Hill,,205409397,Q7304262,"en:Red Hill, Victoria",,23234002.03,2323.400203,25287.13923
Bangholme,784,205409391,Q4855159,"en:Bangholme, Victoria",,23656867.74,2365.686774,20382.3588
Bayles,461,205409387,Q4874561,"en:Bayles, Victoria",,23716805.06,2371.680506,26024.11049
Gladysdale,,205409381,Q5566476,"en:Gladysdale, Victoria",,23961087.06,2396.108706,24036.86017
Donnybrook,169,205409361,Q5296762,"en:Donnybrook, Victoria",,24517080.3,2451.70803,24738.22734
Pakenham South,,205409415,Q21903695,,,24880281.54,2488.028154,23067.68426
Merricks North,426,205409342,Q6820098,"en:Merricks North, Victoria",,25235998.6,2523.59986,23877.95638
Tyabb,3338,205409380,Q3542647,"en:Tyabb, Victoria",,25524383.43,2552.438343,28343.1011
Hastings,9609,205409304,Q3128258,"en:Hastings, Victoria",,25926953.01,2592.695301,31372.91782
Tooradin,1568,205409279,Q7824200,"en:Tooradin, Victoria",,26699172.33,2669.917233,27597.8582
Wyndham Vale,23273,205408838,Q8040132,en:Wyndham Vale,,26754540.62,2675.454062,36049.5584
Officer,7133,205409202,Q7079440,"en:Officer, Victoria",,28006852.43,2800.685243,28665.46233
Cockatoo,4256,205409246,Q2981283,"en:Cockatoo, Victoria",,28210762.48,2821.076248,34374.04455
Beaconsfield Upper,2861,205409240,Q4876041,"en:Beaconsfield Upper, Victoria",,28308996.23,2830.899623,33278.31306
Tynong,456,205409456,Q7860565,"en:Tynong, Victoria",,28485703.66,2848.570366,24379.31472
Eden Park,1204,205409373,Q5336895,"en:Eden Park, Victoria",,28536521.82,2853.652182,29817.59726
Main Ridge,416,205409284,Q6736047,"en:Main Ridge, Victoria",,28751786.59,2875.178659,27925.15153
Langwarrin,21371,205409232,Q1805451,"en:Langwarrin, Victoria",,28806452.33,2880.645233,23744.66063
Macclesfield,851,205409223,Q6722913,"en:Macclesfield, Victoria",,28882289.3,2888.22893,29108.02515
Lilydale,16531,205409221,Q6548615,"en:Lilydale, Victoria",,29155875.55,2915.587555,28668.00952
Clyde North,8156,205409219,Q5136991,"en:Clyde North, Victoria",,29180560.17,2918.056017,25113.5342
Dandenong South,160,205409392,Q14935085,"en:Dandenong South, Victoria",,29385872.47,2938.587247,24294.70498
Plumpton,4324,205408556,Q7205463,"en:Plumpton, Victoria",,29455592.48,2945.559248,29733.4438
Mount Martha,18548,205409177,Q6922032,"en:Mount Martha, Victoria",,30212770.73,3021.277073,24521.82608
Dromana,5803,205409172,Q5308257,"en:Dromana, Victoria",,30248533.29,3024.853329,32026.53366
Oaklands Junction,433,205409045,Q7074083,"en:Oaklands Junction, Victoria",,30307299.58,3030.729958,36369.53028
Steels Creek,225,205409175,Q7605841,"en:Steels Creek, Victoria",,30348639.56,3034.863956,28361.32565
Melbourne Airport,104,205409285,Q14935213,"en:Melbourne Airport, Victoria",,30380918.53,3038.091853,34274.94683
Greenvale,11969,205409173,Q5604620,"en:Greenvale, Victoria",,30557674.15,3055.767415,28130.99526
Woodstock,150,205409154,Q8033396,"en:Woodstock, Victoria",,31260699.99,3126.069999,27184.37722
Somerville,,205408956,Q7559958,,,31353406.5,3135.34065,40815.31381
Kangaroo Ground,1095,205409125,Q1723723,"en:Kangaroo Ground, Victoria",,31401811.74,3140.181174,32220.77319
Lysterfield,6663,205409160,Q6710291,"en:Lysterfield, Victoria",,31784923.77,3178.492377,26568.93619
Pakenham Upper,,205409135,Q21903696,,,32032254.69,3203.225469,39026.66155
Doreen,21298,205409126,Q5297649,"en:Doreen, Victoria",,32233558.46,3223.355846,31497.98537
Bunyip,2468,205409371,Q4997975,"en:Bunyip, Victoria",,33166440.12,3316.644012,27672.40926
Epping,32395,205409090,Q5383865,"en:Epping, Victoria",,33696025.18,3369.602518,28234.44212
Berwick,47674,205409098,Q829245,"en:Berwick, Victoria",,33960747.52,3396.074752,35334.09719
Catani,294,205409110,Q12054395,"en:Catani, Victoria",,34204413.52,3420.441352,32893.39656
Yan Yean,252,205409128,Q8048187,"en:Yan Yean, Victoria",,34845755.24,3484.575524,28135.72894
Mambourin,4,205409057,Q6745551,"en:Mambourin, Victoria",,34913365.98,3491.336598,24753.66327
Bulla,651,205409055,Q4996655,"en:Bulla, Victoria",,35053016.89,3505.301689,45288.59189
Yarra Glen,2869,205409054,Q2453315,"en:Yarra Glen, Victoria",,35182387.64,3518.238764,37506.41995
Craigieburn,50347,205409046,Q5181698,"en:Craigieburn, Victoria",,35426112.49,3542.611249,36163.22043
Yannathan,238,205409021,Q14935326,"en:Yannathan, Victoria",,36217915.3,3621.79153,43079.77719
Olinda,1738,205409581,Q7086922,"en:Olinda, Victoria",,36650060.39,3665.006039,42551.41066
Werribee South,1768,205409004,Q7983581,"en:Werribee South, Victoria",,36865585.38,3686.558538,29453.85396
Tarneit,34562,205408965,Q7686407,"en:Tarneit, Victoria",,38200148.65,3820.014865,34466.98495
Launching Place,2394,205409044,Q14935191,"en:Launching Place, Victoria",,38384292.18,3838.429218,40319.79916
Point Cook,49929,205408993,Q7207994,"en:Point Cook, Victoria",,38707612.39,3870.761239,33284.39215
Tuerong,341,205408940,Q7851406,"en:Tuerong, Victoria",,38957552.55,3895.755255,28289.69581
Pearcedale,3821,205409095,Q7157991,"en:Pearcedale, Victoria",,39055325.05,3905.532505,33252.56919
Arthurs Creek,496,205409018,Q2611900,"en:Arthurs Creek, Victoria",,39166746.48,3916.674648,38571.45584
St Andrews,1226,205408917,Q7592430,"en:St Andrews, Victoria",,39778885.43,3977.888543,48022.33879
Clyde,2117,205408906,Q5136840,"en:Clyde, Victoria",,40242281.31,4024.228131,26671.72091
Iona,228,205409359,Q14935167,"en:Iona, Victoria",,41736627.56,4173.662756,32965.79408
Nar Nar Goon North,727,205408865,Q6965215,"en:Nar Nar Goon North, Victoria",,42032540,4203.254,38889.3486
Yellingbo,534,205408822,Q8051580,"en:Yellingbo, Victoria",,42414967.3,4241.49673,44367.40023
Werribee,40345,205408799,Q2563357,"en:Werribee, Victoria",,42888500.62,4288.850062,38889.7699
Moorooduc,1098,205408836,Q14935231,"en:Moorooduc, Victoria",,42895613.08,4289.561308,27979.66032
Heath Hill,161,205409261,Q5693473,"en:Heath Hill, Victoria",,43550681.77,4355.068177,41450.25935
Red Hill South,603,205409673,Q7304283,"en:Red Hill South, Victoria",,44556123.61,4455.612361,40437.99306
Balnarring,2270,205409301,Q944965,"en:Balnarring, Victoria",,44825686.12,4482.568612,36989.18252
Humevale,307,205409031,Q5940728,"en:Humevale, Victoria",,45275864.85,4527.586485,34079.67328
Badger Creek,1563,205409806,Q4840842,"en:Badger Creek, Victoria",,45880305.11,4588.030511,44585.85695
Cardinia,376,205409286,Q5038689,"en:Cardinia, Victoria",,47014325.05,4701.432505,36189.74896
Tynong North,434,205408734,Q2699171,"en:Tynong North, Victoria",,48354966.57,4835.496657,38607.11504
Christmas Hills,355,205408716,Q5111364,"en:Christmas Hills, Victoria",,49755617.48,4975.561748,51636.67973
Emerald,5778,205408694,Q5370390,"en:Emerald, Victoria",,49967275.98,4996.727598,45155.40363
Dixons Creek,334,205408805,Q2549869,"en:Dixons Creek, Victoria",,52849797.31,5284.979731,42568.75462
Warburton,2012,205407853,Q914214,"en:Warburton, Victoria",,54207655.82,5420.765582,45658.8777
Wollert,9060,205408619,Q8030341,"en:Wollert, Victoria",,54306637.64,5430.663764,35241.41009
Mickleham,3142,205408611,Q6838860,"en:Mickleham, Victoria",,54583810.25,5458.381025,42590.58273
Gruyere,946,205408609,Q5612378,"en:Gruyere, Victoria",,54764559.03,5476.455903,39566.76677
Tonimbuk,208,205408951,Q914281,"en:Tonimbuk, Victoria",,55134938.85,5513.493885,47028.75824
Flinders,905,205408585,Q5459405,"en:Flinders, Victoria",,55151427.24,5515.142724,45666.00759
Quandong,0,205408578,Q7268844,"en:Quandong, Victoria",,57259185.61,5725.918561,33394.82185
Nar Nar Goon,1012,205408666,Q3336011,"en:Nar Nar Goon, Victoria",,57316276.22,5731.627622,38864.06982
Mount Cottrell,569,205408326,Q6920269,"en:Mount Cottrell, Victoria",,58314268.95,5831.426895,38926.8929
Caldermeade,183,205408876,Q5019060,"en:Caldermeade, Victoria",,60392160.66,6039.216066,42380.33631
Hoddles Creek,,205408808,Q2087588,"en:Hoddles Creek, Victoria",,60544913.4,6054.49134,50355.58738
Wildwood,216,205408884,Q14935321,"en:Wildwood, Victoria",,60833657.26,6083.365726,59363.23041
Eynesbury,2577,205408523,Q5422947,"en:Eynesbury, Victoria",,60927758.97,6092.775897,37921.67804
Boneo,,205409092,Q4941726,"en:Boneo, Victoria",,60963467.83,6096.346783,55352.05855
Lang Lang,1585,205408105,Q1804848,"en:Lang Lang, Victoria",,61842757.24,6184.275724,45731.84435
Truganina,20687,205408583,Q7847627,"en:Truganina, Victoria",,64561600.71,6456.160071,46586.42098
Cocoroc,0,205408458,Q5139889,"en:Cocoroc, Victoria",,64861651.81,6486.165181,38361.08203
Kinglake West,1166,205408456,Q6412782,"en:Kinglake West, Victoria",,65344440.33,6534.444033,59423.83161
Diggers Rest,2763,205408379,Q5275644,"en:Diggers Rest, Victoria",,69692810.74,6969.281074,47252.68127
Koo Wee Rup,3579,205408571,Q1783750,en:Koo Wee Rup,,77669767.99,7766.976799,55523.32454
Parwan,170,205408264,Q7141385,"en:Parwan, Victoria",,78448425.54,7844.842554,41438.59005
Coldstream,2164,205408596,Q5142560,"en:Coldstream, Victoria",,80217687,8021.7687,71410.87148
McMahons Creek,125,205407698,Q6802287,"en:McMahons Creek, Victoria",,854750157.6,8547.501576,168284.82
East Warburton,864,205407696,Q7968866,"en:East Warburton, Victoria",,85743794.22,8574.379422,48324.22658
Pakenham,46421,205408179,Q2046587,"en:Pakenham, Victoria",,86474747.14,8647.474714,52676.62006
Toolern Vale,724,205408080,Q7824073,en:Toolern Vale,,95077528.53,9507.752853,47493.40404
Whittlesea,5611,205408013,Q7996927,"en:Whittlesea, Victoria",,96758601.2,9675.86012,58834.92955
Three Bridges,199,205409050,Q7797348,"en:Three Bridges, Victoria",,99757238.4,9975.72384,68818.15574
Beveridge,2330,205407968,Q2143313,"en:Beveridge, Victoria",,111728600.7,11172.86007,52301.89322
Kinglake,1536,205407963,Q968998,"en:Kinglake, Victoria",,112085387.6,11208.53876,100344.8376
Sunbury,36084,205407856,Q1007711,"en:Sunbury, Victoria",,132197529.1,13219.75291,62808.38925
Little River,1322,205407673,Q6651574,"en:Little River, Victoria",,181218712.7,18121.87127,70253.58391
Healesville,7461,205407805,Q1015813,"en:Healesville, Victoria",,182883396.2,18288.33962,115166.1785
Gembrook,2350,205407628,Q5530582,"en:Gembrook, Victoria",,215533855.3,21553.38553,117108.1471
Wesburn,1019,205408895,Q7983785,"en:Wesburn, Victoria",,266404369.1,26640.43691,119457.7923
